USE g2insurance;

INSERT INTO g2incident  VALUES (2101, 'Fire', '2020-12-05', 'Sparks from tear in the electric wiring systems are not covered in insurance') ;
INSERT INTO g2incident  VALUES (2102, 'Collision', '2020-12-12', '') ;
INSERT INTO g2incident  VALUES (2103, '', '2020-10-18', '') ;
INSERT INTO g2incident  VALUES (2104, 'not starting', '2020-09-14', 'if the vehicle was not starting we can claim insurance') ;
INSERT INTO g2incident  VALUES (2105, 'Cracks', '2020-12-09', '') ;
INSERT INTO g2incident  VALUES (2106, 'brakedown', '2020-12-10', '') ;
INSERT INTO g2incident  VALUES (2107, '', '2020-08-24', '') ;
INSERT INTO g2incident  VALUES (2108, '', '2020-07-04', 'Under The policy of Standard Fire and Special Perils Policy Coverage you can claim the Damage coverages') ;
INSERT INTO g2incident  VALUES (2109, 'tyres', '2020-11-13', '') ;
INSERT INTO g2incident  VALUES (2110, 'engine trouble', '2020-06-30', '') ;
INSERT INTO g2incident  VALUES (2111, 'music player', '2020-06-24', '') ;
INSERT INTO g2incident  VALUES (2112, '', '2020-12-16', '') ;
INSERT INTO g2incident  VALUES (2113, 'engine oil', '2020-04-23', '') ;
INSERT INTO g2incident  VALUES (2114, 'seats', '2020-10-24', '') ;
INSERT INTO g2incident  VALUES (2115, 'mirrors damage', '2020-06-14', '') ;
INSERT INTO g2incident  VALUES (2116, 'general', '2020-12-20', '') ;
INSERT INTO g2incident  VALUES (2117, 'engine', '2020-09-19', '') ;
INSERT INTO g2incident  VALUES (2118, '', '2020-07-14', '') ;
INSERT INTO g2incident  VALUES (2119, 'Theft', '2020-11-11', 'Insurers will pay an amount equal to declared value of insured bike in case of theft.') ;
INSERT INTO g2incident  VALUES (2120, 'mechanical problem', '2020-02-28', '') ;
INSERT INTO g2incident  VALUES (2121, 'cameras damage', '2020-03-29', '') ;
INSERT INTO g2incident  VALUES (2122, '', '2020-06-29', '') ;
INSERT INTO g2incident  VALUES (2123, 'gear box', '2020-06-29', '') ;
INSERT INTO g2incident  VALUES (2124, '', '2020-08-01', '') ;
INSERT INTO g2incident  VALUES (2125, 'music player', '2020-06-07', '') ;
INSERT INTO g2incident  VALUES (2126, 'accident', '2020-12-22', '') ;
INSERT INTO g2incident  VALUES (2127, 'accident', '2020-11-20', '') ;

INSERT INTO g2customer VALUES (2001, 'Tushar', 'boruto', '2000-12-30', 'M', 'vizag', 9848168581, '18bcs065@iiitdwd.ac.i n', 'Ap123456', 'Single', 20) ;
INSERT INTO g2customer VALUES (2002, 'dattareya', 'pokala', '2000-10-24', 'M', 'hyderabad', 6364367818, '18bcs067@iiitdwd.ac.in', 'Tn321456', 'Single', 56) ;
INSERT INTO g2customer VALUES (2003, 'saketh', 'rama', '2000-03-17', 'M', 'kavali', 9381652288, '18bcs076@iiitdwd.ac.in', 'ap987789', 'Single', 54) ;
INSERT INTO g2customer VALUES (2004, 'anand', 'babu', '1999-12-25', 'M', 'tenali', 7645892137, '18bcs103@iiitdwd.ac.in', 'ap432543', 'Single', 2) ;
INSERT INTO g2customer VALUES (2005, 'mokshith', 'yaganthi', '2000-08-14', 'M', 'rajamandry', 9845671235, '18bcs110@iiitdwd.ac.in', 'tn346753', 'Single', 45) ;
INSERT INTO g2customer VALUES (2006, 'sampath', 'sakala', '2000-06-14', 'M', 'guntur', 7093810759, '18bcs087@iiitdwd.ac.in', 'ts975436', 'Single', 85) ;
INSERT INTO g2customer VALUES (2007, 'harsha', 'vytla', '2000-08-18', 'M', 'tanuku', 8563412798, '18bcs118@iiitdwd.ac.in', 'ap423567', 'Single', 25) ;
INSERT INTO g2customer VALUES (2008, 'Fharook', 'shaik', '2000-06-11', 'M', 'nellore', 7585954561, '18bcs091@iiitdwd.ac.in', 'ft200456', 'Single', 25) ;
INSERT INTO g2customer VALUES (2009, 'manoj', 'babu', '2000-06-07', 'M', 'kakinada', 7585956456, '18bcs040@iiitdwd.ac.in', 'ge785968', 'Single', 23) ;
INSERT INTO g2customer VALUES (2010, 'rupesh', 'bhai', '1999-09-12', 'M', 'ayodya', 9485946754, '18bcs081@iiitdwd.ac.in', 'uk258954', 'Single', 45) ;
INSERT INTO g2customer VALUES (2011, 'naveen', 'polisetty', '1984-12-03', 'M', 'secendrabad', 7585956545, '18bcs210@iiitdwd.ac.in', 'we782654', 'Single', 58) ;
INSERT INTO g2customer VALUES (2012, 'mahesh', 'ghatamaneni', '1972-08-09', 'M', 'tenali', 9999777845, 'mahesh50@gmail.com', 'jk256489', 'Married', 63) ;
INSERT INTO g2customer VALUES (2013, 'tarak', 'nandamuri', '1984-04-24', 'M', 'hyderabad', 3334555468, 'tarat9@ntr.ac.in', 'ts2345765', 'Married', 41) ;
INSERT INTO g2customer VALUES (2014, 'ram', 'konidela', '1980-06-14', 'M', 'chennai', 1234567890, 'ram@gmail.com', '', 'Divorsed', 25) ;
INSERT INTO g2customer VALUES (2015, 'kajal', 'agarwal', '1985-07-23', 'F', 'agra', 7894567895, 'kajal36@yahoo.com', 'uj876903', 'Divorsed', 29) ;
INSERT INTO g2customer VALUES (2016, 'arjun', 'allu', '1979-07-25', 'M', 'bangalore', 8529636548, 'arjun@mit.ac.in', 'ji467287', 'Married', 56) ;
INSERT INTO g2customer VALUES (2017, 'adhi', 'pinnishetty', '1985-03-20', 'M', 'pune', 9696969696, 'adhi32@gmail.com', 'js34198', 'Married', 57) ;
INSERT INTO g2customer VALUES (2018, 'shikar', 'dhawan', '1985-11-09', 'M', 'kolkata', 9879876588, '', 'dj98536', 'Married', 58) ;
INSERT INTO g2customer VALUES (2019, 'mahindra', 'singh', '1975-07-29', 'M', 'patna', 4564864268, 'dhoni123@gmail.com', '', 'Single', 95) ;
INSERT INTO g2customer VALUES (2020, 'vijay', 'sethupati', '1980-07-21', 'M', 'kanchi', 7589648963, 'vijay@master.com', '', 'Single', 65) ;
INSERT INTO g2customer VALUES (2021, 'ramesh', 'rao', '1965-05-18', 'M', 'anakapally', 4587695488, 'ramesh@gamil.com', 'ij987213', 'Married', 45) ;
INSERT INTO g2customer VALUES (2022, 'nanda', 'kishore', '2000-05-25', 'M', 'trichy', 7889568487, 'kishore@yamaha.com', '', 'Divorsed', 15) ;
INSERT INTO g2customer VALUES (2023, 'nani', 'M', '1980-12-12', 'M', 'mumbai', 9856789456, 'nani25@gmail.com', 'as897257', 'Divorsed', 35) ;
INSERT INTO g2customer VALUES (2024, 'ajay', 'kumar', '1995-01-21', 'M', 'cyberabad', 6478954789, 'ajay@mzil.com', 'gh936923', '', 85) ;
INSERT INTO g2customer VALUES (2025, 'ram', 'lakshman', '1985-12-28', 'M', 'amaravathi', 8794586789, '', 'jk3682970', '', 65) ;

INSERT INTO g2incident_report VALUES (2201, 'Fire', 'Satyanrayana', 25000, 'Short Circuit in wires', 2101, 2001) ;
INSERT INTO g2incident_report VALUES (2202, 'Collision', 'jd lakshminarayana', 45000, 'car bumper was damaged', 2102, 2002) ;
INSERT INTO g2incident_report VALUES (2203, '', 'suresh babu', 756900, '', 2103, 2003) ;
INSERT INTO g2incident_report VALUES (2204, 'not starting', 'arun kumar', 75000, 'car was floated in water due to heavy rain', 2104, 2004) ;
INSERT INTO g2incident_report VALUES (2205, 'Cracks', '', 100000, 'cracks on doors due overtake', 2105, 2005) ;
INSERT INTO g2incident_report VALUES (2206, 'brakedown', 'vijay', 45000, 'brake wire fains', 2106, 2006) ;
INSERT INTO g2incident_report VALUES (2207, '', 'ajay kumar', 25000, '', 2107, 2007) ;
INSERT INTO g2incident_report VALUES (2208, '', '', 65000, '', 2108, 2008) ;
INSERT INTO g2incident_report VALUES (2209, 'tyres', 'sampath raj', 65450, 'tyres gotten smooth', 2109, 2009) ;
INSERT INTO g2incident_report VALUES (2210, 'engine trouble', '', 78520, '', 2110, 2010) ;
INSERT INTO g2incident_report VALUES (2211, 'music player', 'prakash', 89500, 'bluetooth problem', 2111, 2011) ;
INSERT INTO g2incident_report VALUES (2212, '', 'aman', 65250, '', 2112, 2012) ;
INSERT INTO g2incident_report VALUES (2213, 'engine oil', 'kabhir', 3425, 'its been long time for oil changing', 2113, 2013) ;
INSERT INTO g2incident_report VALUES (2214, 'seats', '', 56800, 'seats covers was tored', 2114, 2014) ;
INSERT INTO g2incident_report VALUES (2215, 'mirrors damage', '', 57894, 'ball hited the mirror', 2115, 2015) ;
INSERT INTO g2incident_report VALUES (2216, 'general', 'lakshman', 89000, '', 2116, 2016) ;
INSERT INTO g2incident_report VALUES (2217, 'engine', '', 35000, '', 2117, 2017) ;
INSERT INTO g2incident_report VALUES (2218, '', 'arun kumar', 1678, '', 2118, 2018) ;
INSERT INTO g2incident_report VALUES (2219, 'Theft', '', 56000, 'some parts of car was theft', 2119, 2019) ;
INSERT INTO g2incident_report VALUES (2220, 'mechanical problem', 'lakshman', 3659, '', 2120, 2020) ;
INSERT INTO g2incident_report VALUES (2221, 'cameras damage', '', 78500, 'camers was not working', 2121, 2021) ;
INSERT INTO g2incident_report VALUES (2222, '', 'vijay', 32500, '', 2122, 2022) ;
INSERT INTO g2incident_report VALUES (2223, 'gear box', '', 9856, 'unable to change gear', 2123, 2023) ;
INSERT INTO g2incident_report VALUES (2224, '', 'vijay', 1054, '', 2124, 2024) ;
INSERT INTO g2incident_report VALUES (2225, 'music player', '', 15600, 'bluetooth problem', 2125, 2025) ;
INSERT INTO g2incident_report VALUES (2226, 'accident', '', 12659, '', 2126, 2019) ;
INSERT INTO g2incident_report VALUES (2227, 'accident', '', 7512, '', 2127, 2020) ;

INSERT INTO g2insurance_company VALUES ('Life Insurance Corporation of India', 'Yogakshema, Jeevan Bima Marg', 180056598, 258369, 'Lic@gmail.com', 'licindia.com', 'Mumbai', '', '') ;
INSERT INTO g2insurance_company VALUES ('HDFC Life Insurance Co. Ltd', '13th Floor, Lodha Excelus, Apollo Mills Compound, N.M. Joshi Road, Mahalaxmi, Mumbai', 180023254, 14725, 'hdfc@mail.com', 'hdfclife.com', 'Mumbai', 'hdfclife', 'hdfcoffice') ;
INSERT INTO g2insurance_company VALUES ('Max Life Insurance Co. Ltd.', '3rd, 11th, 12th Floor, DLF Square Building,', 1800362541, 784565, 'maxlife@gmail.co', 'maxlife.com', 'Gurgaon', '', '') ;
INSERT INTO g2insurance_company VALUES ('ICICI Prudential Life Insurance Co. Ltd', 'icici prulife towers', 1800988765, 986532, 'icici@yahoo.oin', 'https://www.iciciprulife.com/', 'Mumbai', 'ICICI PruLife', 'ICICI PruLife') ;
INSERT INTO g2insurance_company VALUES ('Kotak Mahindra Life Insurance Co. Ltd.', 'Jacaranda Marg, DLF City, Phase  II, Gurgaon', 1800126698, 124578, 'kotak@mail.com', 'kotakmahindra.com', 'Mumbai', 'kotakinsurance', 'kotaklifeoffice') ;
INSERT INTO g2insurance_company VALUES ('Aditya Birla SunLife Insurance Co. Ltd.', '1089, Appasaheb Marathe Marg, Prabhadevi,Mumbai', 1800127589, 320587, 'aditya@mail.com', 'adityabirla.com', 'MUmbai', 'Birla Sun Life Insurance ', 'Birla Sun Life Insurance ') ;
INSERT INTO g2insurance_company VALUES ('TATA AIA Life Insurance Co. Ltd.', '7th Floor, Kotak Infiniti, Building No.21, Infinity Park, Off Western Express Highway,', 1800326587, 65058, 'tata@mail.com', 'tatainsurance.com', 'Bengalore', 'tatalife', 'tataoffice') ;
INSERT INTO g2insurance_company VALUES ('SBI Life Insurance Co. Ltd.', 'Natraj, M.V. Road & Western Express Highway Junction, Andheri (East), Mumbai\xa0', 1800215489, 197563, 'Sbilife@help.com', 'sbilife.com', 'Mumbai', 'sbilife', 'sbioffice') ;
INSERT INTO g2insurance_company VALUES ('Exide Life Insurance Co. Ltd.', '3rd Floor, JP Techno Park, No. 3/1, Millers Road, Bengaluru', 18001425236, 567898, 'exidelife@gmail.com', 'exidelife.com', 'Goregaon', 'exidlifeoffice', 'exidelife') ;
INSERT INTO g2insurance_company VALUES ('Bajaj Allianz Life Insurance Co. Ltd.', 'Bajaj Allianz House, Airport Road, Yerawada, Pune', 1800654415, 215487, 'bajaj@gmail.com', 'bajajfinance.com', 'Pune', 'Bajaj Allianz Life Insurance Co', 'Bajaj Allianz Life Insurance Co') ;
INSERT INTO g2insurance_company VALUES ('PNB MetLife India Insurance Co. Ltd.', 'Unit No. 101, 1st Floor, Techniplex-1, Techniplex Complex,Veer Savarkar Flyover, Off S V Road Goregaon', 1800512487, 256798, 'pnblife@help.com', 'pnblife.com', 'Goregaon', 'pnblife', 'pnboffice') ;
INSERT INTO g2insurance_company VALUES ('Reliance Nippon Life Insurance Company Limited', 'Reliance Centre, Off Western Express Highway, Santacruz East, Mumbai', 1800697897, 802594, 'reliancelife@help.com', 'reliancelife.com', 'Mumbai', 'reliancelife', 'reliancelifeoffice') ;
INSERT INTO g2insurance_company VALUES ('Aviva Life Insurance Company India Ltd.', 'Aviva Tower, Sector Road, Opposite Golf Course, DLF-Phase V, Sector 43, Gurgaon', 1800454545, 2234568, 'aviva@help.com', 'aviamaxlife.com', 'Guragaon', 'aviamalife', 'avimaoffice') ;
INSERT INTO g2insurance_company VALUES ('Sahara India Life Insurance Co. Ltd.', 'Sahara India Centre,1, Kapoorthala Complex, Aliganj, Lucknow', 1800656565, 21468, 'sahara@help.com', 'saharalife.com', 'Lucknow', 'saharalife', 'shaharaoffic') ;
INSERT INTO g2insurance_company VALUES ('Bharti AXA Life Insurance Company Ltd', 'Unit no:1904,19th Floor, Parinee Crescenzo, G Block, Bandra Kurla Complex, BKC Road, Behind MCA Ground, Bandra East,', 1800546312, 3254778, 'bharati@help.com', 'bharathilife.com', 'Mumbai', 'bharathilife', 'bharathilifeoffice') ;
INSERT INTO g2insurance_company VALUES ('Future Generali India Life Insurance Company Limited,', 'Indiabulls Finance Centre, Tower 3, 6th Floor, Senapati Bapat Marg, Elphonstone\xa0', 1800456565, 501236, 'Future@help.com', 'futruelife.com', 'Mumbai', 'futureindaialife', 'futureoffice') ;
INSERT INTO g2insurance_company VALUES ('IDBI Federal Life Insurance Company Limited', '22nd Floor, A Wing, Marathon Futurex, N. M. Joshi Marg, Lower Parel,Mumbai', 1800323232, 303654, 'Idbl@help.in', 'idbi.com', 'Mumbai', 'idbilife', 'idbioffice') ;
INSERT INTO g2insurance_company VALUES ('Canara HSBC Oriental Bank of Commerce Life Insurance Company Limited', 'Orchid Business Park, Second Floor, Sohna Road, Sector-48, Gurgaon', 1800959595, 502589, 'canara@help.com', 'canara.com', 'Gurgaon', 'canaralife', 'canaralifeoffice') ;
INSERT INTO g2insurance_company VALUES ('Aegon Life Insurance Company Limited', 'Building No. 3, Third Floor, Unit No. 1, Nesco IT Park,Western Express Highway, Goregaon', 1800345612, 703697, 'aegon@help.com', 'aegonife.com', 'Goregaon', 'aegonlife', 'aegonlifeoffice') ;
INSERT INTO g2insurance_company VALUES ('Pramerica Life Insurance Co. Ltd.', '4th Floor, Tower B, Building No.9, DLF Cyber City, Phase-III, Gurgaon', 1800343434, 303698, 'pramerica@help.in', 'pramerica.com', 'Gurgaon', 'pramericalife', 'pramericaoffice') ;
INSERT INTO g2insurance_company VALUES ('Star Union Dai-Ichi Life Insurance Co. Ltd.', 'Vishwaroop IT Park, Sector-30A of IIP, Vashi, Navi Mumbai', 1800657845, 301478, 'star@help.in', 'starhealth.com', 'Navi Mumbai', 'statinsurance', 'starhealthoffice') ;
INSERT INTO g2insurance_company VALUES ('IndiaFirst Life Insurance Company Ltd.,', 'Tower 4, NESCO IT Park, NESCO Centre,Goregaon', 1800546912, 902587, 'IndiaFirst@help.in', 'IndiaFirst.com', 'Mumbai', 'indiafistlife', 'indaif9irstoffice') ;
INSERT INTO g2insurance_company VALUES ('Edelweiss Tokio Life Insurance Company Limited', '3rd & 4th Floor, Tower 3, Wing B, Kohinoor City,Kirol Road, Kurla', 1800659865, 801478, 'edelweiss@gmail.com', 'edelweisslife.com', 'Mumbai', 'edelwisslife', 'edelweisslifeoffice') ;
INSERT INTO g2insurance_company VALUES ('Adani Insurance Company', 'Tower 3,Gandhinagar', 1825895623, 702589, 'adani@help.com', 'adanilife.com', 'Gandhinagar', 'Adanilife', 'adanilifeoffice') ;
INSERT INTO g2insurance_company VALUES ('green india company', 'guntur', 180045322323, 784412, '', '', '', '', 'grrenindiaoffice') ;
INSERT INTO g2insurance_company VALUES ('go india company', 'amaravathi', 1800547893, 78454, '', '', '', '', 'goindiaoffice') ;

INSERT INTO g2department VALUES ('Claims Department', 2301, 'Varsha', 'Life Insurance Corporation of India') ;
INSERT INTO g2department VALUES ('Investment Department', 2302, 'Harsha', 'HDFC Life Insurance Co. Ltd') ;
INSERT INTO g2department VALUES ('Claims Department', 2303, 'Sankalp', 'Max Life Insurance Co. Ltd.') ;
INSERT INTO g2department VALUES ('Legal Department', 2304, 'Saketh', 'ICICI Prudential Life Insurance Co. Ltd') ;
INSERT INTO g2department VALUES ('Legal Department', 2305, 'Rupa', 'Kotak Mahindra Life Insurance Co. Ltd.') ;
INSERT INTO g2department VALUES ('Claims and audit loss Department', 2306, 'Rupesh', 'Aditya Birla SunLife Insurance Co. Ltd.') ;
INSERT INTO g2department VALUES ('Legal Department', 2307, 'Dattareya', 'TATA AIA Life Insurance Co. Ltd.') ;
INSERT INTO g2department VALUES ('Underwriting Department', 2308, 'Anandi', 'SBI Life Insurance Co. Ltd.') ;
INSERT INTO g2department VALUES ('Reinsurance Department', 2309, 'Anand', 'Exide Life Insurance Co. Ltd.') ;
INSERT INTO g2department VALUES ('Claims and audit Department', 2310, 'Bhanushali', 'Bajaj Allianz Life Insurance Co. Ltd.') ;
INSERT INTO g2department VALUES ('Claims Department', 2311, 'Harshad', 'PNB MetLife India Insurance Co. Ltd.') ;
INSERT INTO g2department VALUES ('Claims and audit loss Department', 2312, 'raghu', 'Reliance Nippon Life Insurance Company Limited') ;
INSERT INTO g2department VALUES ('Legal Department', 2313, 'ramu', 'Aviva Life Insurance Company India Ltd.') ;
INSERT INTO g2department VALUES ('Claims and audit Department', 2314, 'krishna', 'Sahara India Life Insurance Co. Ltd.') ;
INSERT INTO g2department VALUES ('Audit Department', 2315, 'ravi', 'Life Insurance Corporation of India') ;
INSERT INTO g2department VALUES ('Claims and audit profit Department', 2316, 'agni', 'Bharti AXA Life Insurance Company Ltd') ;
INSERT INTO g2department VALUES ('Accounting Department', 2317, 'raju', 'Future Generali India Life Insurance Company Limited,') ;
INSERT INTO g2department VALUES ('Audit Department', 2318, 'ramesh', 'IDBI Federal Life Insurance Company Limited') ;
INSERT INTO g2department VALUES ('Underwriting Department', 2319, 'suresh', 'Canara HSBC Oriental Bank of Commerce Life Insurance Company Limited') ;
INSERT INTO g2department VALUES ('Actuarial and Statistical Department', 2320, 'naresh', 'Aegon Life Insurance Company Limited') ;
INSERT INTO g2department VALUES ('Underwriting Department', 2321, 'mahesh', 'Pramerica Life Insurance Co. Ltd.') ;
INSERT INTO g2department VALUES ('Marketing Department', 2322, 'sanketh', 'Star Union Dai-Ichi Life Insurance Co. Ltd.') ;
INSERT INTO g2department VALUES ('Claims and audit profit Department', 2323, 'saleem', 'IndiaFirst Life Insurance Company Ltd.,') ;
INSERT INTO g2department VALUES ('Agency Department', 2324, 'akhil', 'Edelweiss Tokio Life Insurance Company Limited') ;
INSERT INTO g2department VALUES ('Legal Department', 2325, 'aman', 'Adani Insurance Company') ;
INSERT INTO g2department VALUES ('claim department', 2326, 'amaresh', 'green india company') ;
INSERT INTO g2department VALUES ('claim department', 2327, 'ameer', 'go india company') ;

INSERT INTO g2vehicle_service VALUES ('Claims Department', 'Astar', 'Delhi', 1234567890, 'Ramesh', 'Full service', 2301, 'Life Insurance Corporation of India') ;
INSERT INTO g2vehicle_service VALUES ('Investment Department', 'Bstar', 'Jammu', 7889455612, 'Suresh', 'Full service', 2302, 'HDFC Life Insurance Co. Ltd') ;
INSERT INTO g2vehicle_service VALUES ('Claims Department', 'Cstar', 'srinagr', 1223455678, 'Naresh', 'half service', 2303, 'Max Life Insurance Co. Ltd.') ;
INSERT INTO g2vehicle_service VALUES ('Legal Department', 'Dstar', 'Kashmir', 988765543, 'Mahesh', 'Full service', 2304, 'ICICI Prudential Life Insurance Co. Ltd') ;
INSERT INTO g2vehicle_service VALUES ('Legal Department', '1Star', 'Gandhinagar', 1245788956, 'Ajay', 'half service', 2305, 'Kotak Mahindra Life Insurance Co. Ltd.') ;
INSERT INTO g2vehicle_service VALUES ('Claims and audit loss Department', '5star', 'Hyderabad', 4758695898, 'Nani', 'Full service', 2306, 'Aditya Birla SunLife Insurance Co. Ltd.') ;
INSERT INTO g2vehicle_service VALUES ('Legal Department', 'A1', 'Pune', 4152639685, 'Kumar', 'Full service', 2307, 'TATA AIA Life Insurance Co. Ltd.') ;
INSERT INTO g2vehicle_service VALUES ('Underwriting Department', 'B1', 'Bhopal', 4578963225, 'Ajith', 'half service', 2308, 'SBI Life Insurance Co. Ltd.') ;
INSERT INTO g2vehicle_service VALUES ('Reinsurance Department', 'C1', 'Patna', 8596875498, 'Vijay', 'Full service', 2309, 'Exide Life Insurance Co. Ltd.') ;
INSERT INTO g2vehicle_service VALUES ('Claims and audit Department', 'Wheels', 'Amaravathi', 9865325487, 'Anthony', 'Full service', 2310, 'Bajaj Allianz Life Insurance Co. Ltd.') ;
INSERT INTO g2vehicle_service VALUES ('Claims Department', 'Abc', 'Agra', 2927288465, 'Rajini', 'Full service', 2311, 'PNB MetLife India Insurance Co. Ltd.') ;
INSERT INTO g2vehicle_service VALUES ('Claims and audit loss Department', 'xyz', 'Amritsar', 717273767, 'Roshan', 'half service', 2312, 'Reliance Nippon Life Insurance Company Limited') ;
INSERT INTO g2vehicle_service VALUES ('Legal Department', 'mno', 'Kolkata', 8182838485, 'Devi', 'Full service', 2313, 'Aviva Life Insurance Company India Ltd.') ;
INSERT INTO g2vehicle_service VALUES ('Claims and audit Department', 'pqr', 'Cyberabad', 9495969897, 'Deepika', 'Full service', 2314, 'Sahara India Life Insurance Co. Ltd.') ;
INSERT INTO g2vehicle_service VALUES ('Audit Department', 'stu', 'Chennai', 8184878582, 'Devansh', 'half service', 2315, 'Life Insurance Corporation of India') ;
INSERT INTO g2vehicle_service VALUES ('Claims and audit profit Department', 'Stunt', 'Bangalore', 7475767879, 'Sriansh', 'Full service', 2316, 'Bharti AXA Life Insurance Company Ltd') ;
INSERT INTO g2vehicle_service VALUES ('Accounting Department', 'lv', 'Tirupathi', 4548494642, 'Rudranch', 'Full service', 2317, 'Future Generali India Life Insurance Company Limited,') ;
INSERT INTO g2vehicle_service VALUES ('Audit Department', 'kub', 'Agertala', 9787574767, 'Vedanch', 'half service', 2318, 'IDBI Federal Life Insurance Company Limited') ;
INSERT INTO g2vehicle_service VALUES ('Underwriting Department', 'cub', 'Silchar', 6598685947, 'Devanch', 'Full service', 2319, 'Canara HSBC Oriental Bank of Commerce Life Insurance Company Limited') ;
INSERT INTO g2vehicle_service VALUES ('Actuarial and Statistical Department', 'isd', 'Kanchi', 1245865957, 'Sivanch', 'Full service', 2320, 'Aegon Life Insurance Company Limited') ;
INSERT INTO g2vehicle_service VALUES ('Underwriting Department', 'sto', 'Tricy', 3265854878, 'Amir', 'half service', 2321, 'Pramerica Life Insurance Co. Ltd.') ;
INSERT INTO g2vehicle_service VALUES ('Marketing Department', 'poc', 'Kanyakumari', 1938284675, 'Khabir', 'Full service', 2322, 'Star Union Dai-Ichi Life Insurance Co. Ltd.') ;
INSERT INTO g2vehicle_service VALUES ('Claims and audit profit Department', 'klm', 'Kharakpur', 3719582648, 'Rathod', 'half service', 2323, 'IndiaFirst Life Insurance Company Ltd.,') ;
INSERT INTO g2vehicle_service VALUES ('Agency Department', 'cmr', 'Ganga', 9156874253, 'Salam', 'Full service', 2324, 'Edelweiss Tokio Life Insurance Company Limited') ;
INSERT INTO g2vehicle_service VALUES ('Legal Department', 'sid', 'Hubli', 5684269810, 'Salim', 'Full service', 2325, 'Adani Insurance Company') ;
INSERT INTO g2vehicle_service VALUES ('claim department', 'sriram', 'vizag', '', '', '', 2326, 'green india company') ;
INSERT INTO g2vehicle_service VALUES ('claim department', 'l and t', 'amaravathi', '', '', '', 2327, 'go india company') ;

INSERT INTO g2vehicle VALUES (2401, 2501, 'AP-07-CG-1111', 900000, '4 wheeler', 5.4, 4, 'Maruti Suzuki\xa0', 2601, 22701, 256891, 'RTX-500158', 2001) ;
INSERT INTO g2vehicle VALUES (2402, 2502, 'KL-09-AB-2267', 1500000, '4 wheeler', 6.3, 4, 'TATA', 2602, 22702, 235815, 'RTX-583020', 2002) ;
INSERT INTO g2vehicle VALUES (2403, 2503, 'KA-11-BH-3967', 1200000, '4 wheeler', 1.9, 6, 'Ford', 2603, 22703, 146859, 'RTX-258100', 2003) ;
INSERT INTO g2vehicle VALUES (2404, 2504, 'TN-08-DV-9999', 930000, '4 wheeler', 2.6, 5, 'Hyundai', 2604, 22704, 259360, 'RTX-459800', 2004) ;
INSERT INTO g2vehicle VALUES (2405, 2505, 'GA-01-PA-4321', 2200000, '4 wheeler', 3.5, 9, 'Toyota', 2605, 22705, 589630, 'RTX-458120', 2005) ;
INSERT INTO g2vehicle VALUES (2406, 2506, 'KL-47-LA-6789', 1900000, '4 wheeler', 4.6, 4, 'BMW', 2606, 22706, 259630, 'RTX-478210', 2006) ;
INSERT INTO g2vehicle VALUES (2407, 2507, 'MP-23-EN-1050', 650000, '4 wheeler', 5.5, 5, 'Ford', 2607, 22707, 159025, 'RTX-259640', 2007) ;
INSERT INTO g2vehicle VALUES (2408, 2508, 'MH-10-DV-8888', 955000, '4 wheeler', 6.5, 4, 'TATA', 2608, 22708, 786260, 'RTX-495210', 2008) ;
INSERT INTO g2vehicle VALUES (2409, 2509, 'DL-06-AC-6754', 1650000, '4 wheeler', 4.3, 4, 'Hyundai', 2609, 22709, 359148, 'RTX-469240', 2009) ;
INSERT INTO g2vehicle VALUES (2410, 2510, 'TS-05-EM-8085', 3050000, '4 wheeler', 4.8, 4, 'Mercedes-Benz', 2610, 22710, 257120, 'RTX-578631', 2010) ;
INSERT INTO g2vehicle VALUES (2411, 2511, 'HR-12-GH-7784', 950000, '4 wheeler', 4.7, 5, 'Maruti Suzuki\xa0', 2611, 22711, 248560, 'RTX-896450', 2011) ;
INSERT INTO g2vehicle VALUES (2412, 2512, 'WB-02-DY-8902', 1955000, '4 wheeler', 6.4, 4, 'Mercedes-Benz', 2612, 22712, 271037, 'RTX-726102', 2012) ;
INSERT INTO g2vehicle VALUES (2413, 2513, 'MP-17-AK-6790', 750000, '4 wheeler', 5.6, 4, 'Maruti Suzuki\xa0', 2613, 22713, 236120, 'RTX-700580', 2013) ;
INSERT INTO g2vehicle VALUES (2414, 2514, 'AP-04-BK-3377', 1450000, '4 wheeler', 3.6, 6, 'Hyundai', 2614, 22714, 982450, 'RTX-796524', 2014) ;
INSERT INTO g2vehicle VALUES (2415, 2515, 'KL-10-HL-7946', 2500000, '4 wheeler', 5.3, 4, 'BMW', 2615, 22715, 520140, 'RTX-200890', 2015) ;
INSERT INTO g2vehicle VALUES (2416, 2516, 'JH-14-GJ-9955', 1955999, '4 wheeler', 2.6, 4, 'Toyota', 2616, 22716, 263421, 'RTX-910508', 2016) ;
INSERT INTO g2vehicle VALUES (2417, 2517, 'BR-02-BL-6190', 2100000, '4 wheeler', 3.6, 4, 'Skoda', 2617, 22717, 890560, 'RTX-560980', 2017) ;
INSERT INTO g2vehicle VALUES (2418, 2518, 'UK-13-EK-7787', 1850000, '4 wheeler', 5.5, 4, 'Jeep', 2618, 22718, 562750, 'RTX-750908', 2018) ;
INSERT INTO g2vehicle VALUES (2419, 2519, 'TN-06-EN-9911', 850000, '4 wheeler', 6.5, 4, 'TATA', 2619, 22719, 156320, 'RTX-576900', 2019) ;
INSERT INTO g2vehicle VALUES (2420, 2520, 'KL-14-UG-8174', 1250000, '4 wheeler', 3.6, 4, 'Volkswagen', 2620, 22720, 203056, 'RTX-520840', 2020) ;
INSERT INTO g2vehicle VALUES (2421, 2521, 'DL-01-OC-1100', 6500000, '4 wheeler', 5.6, 8, 'Volvo', 2621, 22721, 598602, 'RTX-456100', 2021) ;
INSERT INTO g2vehicle VALUES (2422, 2522, 'AR-03-GI-3957', 2500000, '4 wheeler', 3.6, 5, 'BMW', 2622, 22722, 451023, 'RTX-587650', 2022) ;
INSERT INTO g2vehicle VALUES (2423, 2523, 'TS-09-GY-2009', 3000000, '4 wheeler', 6.3, 4, 'Mercedes-Benz', 2623, 22723, 965780, 'RTX-459700', 2023) ;
INSERT INTO g2vehicle VALUES (2424, 2524, 'GA-06-IK-1117', 2800000, '4 wheeler', 2.9, 4, 'Mitsubishi Motors', 2624, 22724, 562489, 'RTX-146001', 2024) ;
INSERT INTO g2vehicle VALUES (2425, 2525, 'AP-06-KL-0007', 3200000, '4 wheeler', 5.6, 4, 'MINI', 2625, 22725, 158740, 'RTX-753150', 2025) ;
INSERT INTO g2vehicle VALUES (2426, 2526, 'AP-06-KL-0008', 7000000, '4 wheeler', 5.09, 4, 'range rover', 2626, 22726, '', '', 2019) ;
INSERT INTO g2vehicle VALUES (2427, 2527, 'AP-06-KL-0009', 8500000, '4 wheeler', 5, 4, 'land rover', 2627, 22727, '', '', 2020) ;

INSERT INTO g2premium_payment VALUES (2701, 123456, 16000, '2019-12-01', 2901, 2001) ;
INSERT INTO g2premium_payment VALUES (2702, 234567, 23000, '2019-12-10', 2902, 2002) ;
INSERT INTO g2premium_payment VALUES (2703, 345678, 52000, '2019-12-12', 2903, 2003) ;
INSERT INTO g2premium_payment VALUES (2704, 456789, 65000, '2018-12-04', 2904, 2004) ;
INSERT INTO g2premium_payment VALUES (2705, 567890, 12012, '2019-09-12', 2905, 2005) ;
INSERT INTO g2premium_payment VALUES (2706, 789012, 32500, '2019-06-14', 2906, 2006) ;
INSERT INTO g2premium_payment VALUES (2707, 890123, 45200, '2018-10-21', 2907, 2007) ;
INSERT INTO g2premium_payment VALUES (2708, 901234, 98000, '2018-08-25', 2908, 2008) ;
INSERT INTO g2premium_payment VALUES (2709, 78945, 78021, '2019-10-12', 2909, 2009) ;
INSERT INTO g2premium_payment VALUES (2710, 89456, 78021, '2019-12-25', 2910, 2010) ;
INSERT INTO g2premium_payment VALUES (2711, 94561, 32500, '2019-10-23', 2911, 2011) ;
INSERT INTO g2premium_payment VALUES (2712, 456123, 12035, '2019-08-12', 2912, 2012) ;
INSERT INTO g2premium_payment VALUES (2713, 3012456, 98220, '2019-10-13', 2913, 2013) ;
INSERT INTO g2premium_payment VALUES (2714, 639852, 12500, '2018-06-01', 2914, 2014) ;
INSERT INTO g2premium_payment VALUES (2715, 147852, 65420, '2019-08-12', 2915, 2015) ;
INSERT INTO g2premium_payment VALUES (2716, 159357, 98200, '2018-12-14', 2916, 2016) ;
INSERT INTO g2premium_payment VALUES (2717, 965412, 90000, '2019-12-18', 2917, 2017) ;
INSERT INTO g2premium_payment VALUES (2718, 785412, 12050, '2018-12-24', 2918, 2018) ;
INSERT INTO g2premium_payment VALUES (2719, 365789, 54000, '2019-05-12', 2919, 2019) ;
INSERT INTO g2premium_payment VALUES (2720, 256254, 32500, '2018-06-12', 2920, 2020) ;
INSERT INTO g2premium_payment VALUES (2721, 856874, 45000, '2018-12-25', 2921, 2021) ;
INSERT INTO g2premium_payment VALUES (2722, 4125698, 65000, '2019-12-12', 2922, 2022) ;
INSERT INTO g2premium_payment VALUES (2723, 325874, 8520, '2019-02-12', 2923, 2023) ;
INSERT INTO g2premium_payment VALUES (2724, 698521, 3251, '2019-06-30', 2924, 2024) ;
INSERT INTO g2premium_payment VALUES (2725, 368740, 45260, '2019-08-12', 2925, 2025) ;
INSERT INTO g2premium_payment VALUES (2726, 65673437, 500000, '2019-07-02', 2926, 2019) ;
INSERT INTO g2premium_payment VALUES (2727, 6347196, 0, '2019-07-03', 2927, 2020) ;


INSERT INTO g2receipt VALUES (2901, '2020-11-07', 250, 2701, 2001) ;
INSERT INTO g2receipt VALUES (2902, '2020-11-15', 350, 2702, 2002) ;
INSERT INTO g2receipt VALUES (2903, '2020-08-20', 750, 2703, 2003) ;
INSERT INTO g2receipt VALUES (2904, '2020-07-18', 9800, 2704, 2004) ;
INSERT INTO g2receipt VALUES (2905, '2020-10-12', 650, 2705, 2005) ;
INSERT INTO g2receipt VALUES (2906, '2020-10-12', 7890, 2706, 2006) ;
INSERT INTO g2receipt VALUES (2907, '2020-07-23', 5620, 2707, 2007) ;
INSERT INTO g2receipt VALUES (2908, '2020-06-13', 350, 2708, 2008) ;
INSERT INTO g2receipt VALUES (2909, '2020-04-13', 9800, 2709, 2009) ;
INSERT INTO g2receipt VALUES (2910, '2020-03-09', 780, 2710, 2010) ;
INSERT INTO g2receipt VALUES (2911, '2020-01-30', 980, 2711, 2011) ;
INSERT INTO g2receipt VALUES (2912, '2020-09-23', 450, 2712, 2012) ;
INSERT INTO g2receipt VALUES (2913, '2019-11-12', 98, 2713, 2013) ;
INSERT INTO g2receipt VALUES (2914, '2020-08-30', 320, 2714, 2014) ;
INSERT INTO g2receipt VALUES (2915, '2020-05-12', 450, 2715, 2015) ;
INSERT INTO g2receipt VALUES (2916, '2020-09-23', 450, 2716, 2016) ;
INSERT INTO g2receipt VALUES (2917, '2020-01-30', 650, 2717, 2017) ;
INSERT INTO g2receipt VALUES (2918, '2020-06-05', 357, 2718, 2018) ;
INSERT INTO g2receipt VALUES (2919, '2020-02-02', 210, 2719, 2019) ;
INSERT INTO g2receipt VALUES (2920, '2020-01-02', 650, 2720, 2020) ;
INSERT INTO g2receipt VALUES (2921, '2020-02-09', 850, 2721, 2021) ;
INSERT INTO g2receipt VALUES (2922, '2020-01-10', 963, 2722, 2022) ;
INSERT INTO g2receipt VALUES (2923, '2020-01-09', 456, 2723, 2023) ;
INSERT INTO g2receipt VALUES (2924, '2020-07-12', 120, 2724, 2024) ;
INSERT INTO g2receipt VALUES (2925, '2020-05-09', 980, 2725, 2025) ;
INSERT INTO g2receipt VALUES (2926, '2020-08-12', 1000, 2726, 2019) ;
INSERT INTO g2receipt VALUES (2927, '2020-08-14', 5500, 2727, 2020) ;

INSERT INTO g2application VALUES (20001, 2401, 'ACCEPTED', 'Personal Injury Protection', 2001) ;
INSERT INTO g2application VALUES (20002, 2402, 'PENDING', 'Collision Coverage', 2002) ;
INSERT INTO g2application VALUES (20003, 2403, 'PENDING', 'Liability Coverage', 2003) ;
INSERT INTO g2application VALUES (20004, 2404, 'ACCEPTED', 'Liability Coverage', 2004) ;
INSERT INTO g2application VALUES (20005, 2405, 'ACCEPTED', 'Collision Coverage', 2005) ;
INSERT INTO g2application VALUES (20006, 2406, 'REJECTED', 'Liability Coverage', 2006) ;
INSERT INTO g2application VALUES (20007, 2407, 'PENDING', 'Comprehensive Coverage', 2007) ;
INSERT INTO g2application VALUES (20008, 2408, 'REJECTED', 'Collision Coverage', 2008) ;
INSERT INTO g2application VALUES (20009, 2409, 'ACCEPTED', 'Liability Coverage', 2009) ;
INSERT INTO g2application VALUES (20010, 2410, 'REJECTED', 'Liability Coverage', 2010) ;
INSERT INTO g2application VALUES (20011, 2411, 'REJECTED', 'Comprehensive Coverage', 2011) ;
INSERT INTO g2application VALUES (20012, 2412, 'ACCEPTED', 'Personal Injury Protection', 2012) ;
INSERT INTO g2application VALUES (20013, 2413, 'PENDING', 'Comprehensive Coverage', 2013) ;
INSERT INTO g2application VALUES (20014, 2414, 'ACCEPTED', 'Uninsured And Underinsured Motorist', 2014) ;
INSERT INTO g2application VALUES (20015, 2415, 'PENDING', 'Liability Coverage', 2015) ;
INSERT INTO g2application VALUES (20016, 2416, 'REJECTED', 'general servising', 2016) ;
INSERT INTO g2application VALUES (20017, 2417, 'ACCEPTED', 'Comprehensive Coverage', 2017) ;
INSERT INTO g2application VALUES (20018, 2418, 'PENDING', 'Uninsured And Underinsured Motorist', 2018) ;
INSERT INTO g2application VALUES (20019, 2419, 'ACCEPTED', 'Personal Injury Protection', 2019) ;
INSERT INTO g2application VALUES (20020, 2420, 'PENDING', 'Comprehensive Coverage', 2020) ;
INSERT INTO g2application VALUES (20021, 2421, 'ACCEPTED', 'Comprehensive Coverage', 2021) ;
INSERT INTO g2application VALUES (20022, 2422, 'ACCEPTED', 'Liability Coverage', 2022) ;
INSERT INTO g2application VALUES (20023, 2423, 'ACCEPTED', 'Liability Coverage', 2023) ;
INSERT INTO g2application VALUES (20024, 2424, 'ACCEPTED', 'Collision Coverage', 2024) ;
INSERT INTO g2application VALUES (20025, 2425, 'ACCEPTED', 'Personal Injury Protection', 2025) ;
INSERT INTO g2application VALUES (20026, 2426, 'ACCEPTED', 'Collision Coverage', 2019) ;
INSERT INTO g2application VALUES (20027, 2427, 'ACCEPTED', 'Collision Coverage', 2020) ;

INSERT INTO g2insurance_policy VALUES (20101, 'Internal Body', 123456, '2020-12-12', '2022-12-12', 'Coverage against loss of or damage to your vehicle caused by accident,theft,fire,explosion,self-ignition,lightning,riots,strikes or acts of terrorism,natural calamities', 20001, 2001) ;
INSERT INTO g2insurance_policy VALUES (20102, 'External Body', 234567, '2020-12-21', '2021-12-21', 'Coverage against loss of or damage to your vehicle caused by theft', 20002, 2002) ;
INSERT INTO g2insurance_policy VALUES (20103, 'Tyre protection', 345678, '2020-06-06', '2022-06-06', 'Coverage against loss of or damage to your vehicle caused by theft', 20003, 2003) ;
INSERT INTO g2insurance_policy VALUES (20104, 'Engine cover', 456789, '2020-10-10', '2021-10-10', 'Coverage against loss of or damage to your vehicle caused by theft', 20004, 2004) ;
INSERT INTO g2insurance_policy VALUES (20105, 'Mirrors', 567890, '2020-09-09', '2022-09-09', 'Coverage against loss of or damage to your vehicle caused by theft', 20005, 2005) ;
INSERT INTO g2insurance_policy VALUES (20106, 'Internal Body', 789012, '2020-11-11', '2022-11-11', 'Coverage against loss of or damage to your vehicle caused by natural calamities', 20006, 2006) ;
INSERT INTO g2insurance_policy VALUES (20107, 'External Body', 890123, '2020-11-09', '2022-11-09', 'Coverage against loss of or damage to your vehicle caused by natural calamities', 20007, 2007) ;
INSERT INTO g2insurance_policy VALUES (20108, 'Mirrors', 901234, '2020-09-08', '2022-09-08', 'Coverage against loss of or damage to your vehicle caused by natural calamities', 20008, 2008) ;
INSERT INTO g2insurance_policy VALUES (20109, 'Software', 625879, '2020-07-09', '2021-07-09', 'Coverage against loss of or damage to your vehicle caused by riots,strikes', 20009, 2009) ;
INSERT INTO g2insurance_policy VALUES (20110, 'Tyre protection', 145900, '2020-08-09', '2022-08-09', 'Coverage against loss of or damage to your vehicle caused by accident,theft,fire,natural calamities', 20010, 2010) ;
INSERT INTO g2insurance_policy VALUES (20111, 'Internal Body', 951258, '2020-02-02', '2024-02-02', 'Coverage against loss of or damage to your vehicle caused by natural calamities', 20011, 2011) ;
INSERT INTO g2insurance_policy VALUES (20112, 'Software', 456123, '2020-02-02', '2022-02-02', 'Coverage against loss of or damage to your vehicle caused by accident', 20012, 2012) ;
INSERT INTO g2insurance_policy VALUES (20113, 'Mirrors', 312456, '2020-03-06', '2023-03-06', 'Coverage against loss of or damage to your vehicle caused by accident', 20013, 2013) ;
INSERT INTO g2insurance_policy VALUES (20114, 'Tyre protection', 639852, '2020-03-03', '2022-03-03', 'Coverage against loss of or damage to your vehicle caused by accident', 20014, 2014) ;
INSERT INTO g2insurance_policy VALUES (20115, 'Internal Body', 147852, '2020-04-05', '2021-04-05', 'Coverage against loss of or damage to your vehicle caused by accident', 20015, 2015) ;
INSERT INTO g2insurance_policy VALUES (20116, 'External Body', 159357, '2020-12-09', '2022-12-09', 'Coverage against loss of or damage to your vehicle caused by accident', 20016, 2016) ;
INSERT INTO g2insurance_policy VALUES (20117, 'Tyre protection', 965412, '2020-12-08', '2021-12-08', 'Coverage against loss of or damage to your vehicle caused by accident', 20017, 2017) ;
INSERT INTO g2insurance_policy VALUES (20118, 'Software', 785412, '2020-12-30', '2021-12-30', 'Coverage against loss of or damage to your vehicle caused by accident', 20018, 2018) ;
INSERT INTO g2insurance_policy VALUES (20119, 'Mirrors', 365789, '2020-02-10', '2022-02-10', 'Coverage against loss of or damage to your vehicle caused by accident,theft,fire,natural calamities', 20019, 2019) ;
INSERT INTO g2insurance_policy VALUES (20120, 'Internal Body', 256254, '2020-02-03', '2022-02-03', 'Coverage against loss of or damage to your vehicle caused by accident,theft,fire,natural calamities', 20020, 2020) ;
INSERT INTO g2insurance_policy VALUES (20121, 'Tyre protection', 856874, '2020-09-30', '2022-09-30', 'Coverage against loss of or damage to your vehicle caused by natural calamities', 20021, 2021) ;
INSERT INTO g2insurance_policy VALUES (20122, 'Engine cover', 123582, '2020-01-12', '2023-01-12', 'Coverage against loss of or damage to your vehicle caused by accident,theft,fire,natural calamities', 20022, 2022) ;
INSERT INTO g2insurance_policy VALUES (20123, 'External Body', 325874, '2020-09-07', '2023-09-07', 'Coverage against loss of or damage to your vehicle caused by riots,strikes', 20023, 2023) ;
INSERT INTO g2insurance_policy VALUES (20124, 'Engine cover', 698521, '2020-05-28', '2023-05-28', 'Coverage against loss of or damage to your vehicle caused by riots,strikes', 20024, 2024) ;
INSERT INTO g2insurance_policy VALUES (20125, 'Engine cover', 368740, '2020-09-01', '2022-09-01', 'Coverage against loss of or damage to your vehicle caused by riots,strikes', 20025, 2025) ;
INSERT INTO g2insurance_policy VALUES (20126, 'External Body', '', '2020-12-01', '2023-12-01', '', 20026, 2019) ;
INSERT INTO g2insurance_policy VALUES (20127, 'External Body', '', '2020-12-02', '2023-12-02', '', 20027, 2020) ;

INSERT INTO g2policy_renewable VALUES (20201, '2025-06-11', 'Online', 20101, 20001, 2001) ;
INSERT INTO g2policy_renewable VALUES (20202, '2022-08-15', 'Offline', 20102, 20002, 2002) ;
INSERT INTO g2policy_renewable VALUES (20203, '2020-12-18', 'Offline', 20103, 20003, 2003) ;
INSERT INTO g2policy_renewable VALUES (20204, '2021-07-22', 'Online', 20104, 20004, 2004) ;
INSERT INTO g2policy_renewable VALUES (20205, '2023-09-29', 'Offline', 20105, 20005, 2005) ;
INSERT INTO g2policy_renewable VALUES (20206, '2024-06-06', 'Online', 20106, 20006, 2006) ;
INSERT INTO g2policy_renewable VALUES (20207, '2025-03-12', 'Offline', 20107, 20007, 2007) ;
INSERT INTO g2policy_renewable VALUES (20208, '2023-01-26', 'Online', 20108, 20008, 2008) ;
INSERT INTO g2policy_renewable VALUES (20209, '2026-05-03', 'Offline', 20109, 20009, 2009) ;
INSERT INTO g2policy_renewable VALUES (20210, '2021-02-26', 'Offline', 20110, 20010, 2010) ;
INSERT INTO g2policy_renewable VALUES (20211, '2025-12-25', 'Online', 20111, 20011, 2011) ;
INSERT INTO g2policy_renewable VALUES (20212, '2024-09-12', 'Offline', 20112, 20012, 2012) ;
INSERT INTO g2policy_renewable VALUES (20213, '2021-03-18', 'Online', 20113, 20013, 2013) ;
INSERT INTO g2policy_renewable VALUES (20214, '2025-01-17', 'Online', 20114, 20014, 2014) ;
INSERT INTO g2policy_renewable VALUES (20215, '2026-05-27', 'Offline', 20115, 20015, 2015) ;
INSERT INTO g2policy_renewable VALUES (20216, '2023-11-17', 'Online', 20116, 20016, 2016) ;
INSERT INTO g2policy_renewable VALUES (20217, '2021-04-25', 'Offline', 20117, 20017, 2017) ;
INSERT INTO g2policy_renewable VALUES (20218, '2026-11-29', 'Online', 20118, 20018, 2018) ;
INSERT INTO g2policy_renewable VALUES (20219, '2025-02-19', 'Offline', 20119, 20019, 2019) ;
INSERT INTO g2policy_renewable VALUES (20220, '2022-08-16', 'Offline', 20120, 20020, 2020) ;
INSERT INTO g2policy_renewable VALUES (20221, '2022-06-28', 'Online', 20121, 20021, 2021) ;
INSERT INTO g2policy_renewable VALUES (20222, '2025-08-19', 'Online', 20122, 20022, 2022) ;
INSERT INTO g2policy_renewable VALUES (20223, '2023-02-25', 'Offline', 20123, 20023, 2023) ;
INSERT INTO g2policy_renewable VALUES (20224, '2025-04-20', 'Online', 20124, 20024, 2024) ;
INSERT INTO g2policy_renewable VALUES (20225, '2022-06-26', 'Offline', 20125, 20025, 2025) ;
INSERT INTO g2policy_renewable VALUES (20226, '2024-01-01', 'Offline', 20126, 20026, 2019) ;
INSERT INTO g2policy_renewable VALUES (20227, '2024-02-01', 'Offline', 20127, 20027, 2020) ;

INSERT INTO g2membership VALUES (20301, 'VIP', 7792910958, 2001) ;
INSERT INTO g2membership VALUES (20302, 'Premium', 9395965690, 2002) ;
INSERT INTO g2membership VALUES (20303, 'Normal', 8865315691, 2003) ;
INSERT INTO g2membership VALUES (20304, 'Investment', 7792910958, 2004) ;
INSERT INTO g2membership VALUES (20305, 'Normal', 8865315691, 2005) ;
INSERT INTO g2membership VALUES (20306, 'Premium', 9395965690, 2006) ;
INSERT INTO g2membership VALUES (20307, 'Normal', 7792910958, 2007) ;
INSERT INTO g2membership VALUES (20308, 'VIP', 8865315691, 2008) ;
INSERT INTO g2membership VALUES (20309, 'Premium', 9395965690, 2009) ;
INSERT INTO g2membership VALUES (20310, 'VIP', 8865315691, 2010) ;
INSERT INTO g2membership VALUES (20311, 'Normal', 7792910958, 2011) ;
INSERT INTO g2membership VALUES (20312, 'Premium', 8865315691, 2012) ;
INSERT INTO g2membership VALUES (20313, 'Investment', 7792910958, 2013) ;
INSERT INTO g2membership VALUES (20314, 'Normal', 9395965690, 2014) ;
INSERT INTO g2membership VALUES (20315, 'VIP', 7792910958, 2015) ;
INSERT INTO g2membership VALUES (20316, 'Premium', 8865315691, 2016) ;
INSERT INTO g2membership VALUES (20317, 'Normal', 7792910958, 2017) ;
INSERT INTO g2membership VALUES (20318, 'Investment', 8865315691, 2018) ;
INSERT INTO g2membership VALUES (20319, 'VIP', 9395965690, 2019) ;
INSERT INTO g2membership VALUES (20320, 'Premium', 8865315691, 2020) ;
INSERT INTO g2membership VALUES (20321, 'Investment', 7792910958, 2021) ;
INSERT INTO g2membership VALUES (20322, 'Normal', 8865315691, 2022) ;
INSERT INTO g2membership VALUES (20323, 'VIP', 9395965690, 2023) ;
INSERT INTO g2membership VALUES (20324, 'Normal', 9395965690, 2024) ;
INSERT INTO g2membership VALUES (20325, 'Premium', 7792910958, 2025) ;
INSERT INTO g2membership VALUES (20326, 'Premium', '', 2019) ;
INSERT INTO g2membership VALUES (20327, 'Premium', '', 2020) ;

INSERT INTO g2quote VALUES (20401, '2018-08-22', '2018-08-22', '2023-08-22', 'Royal Enfield Himalayan', 'APXYZ257', 5000, 20001, 2001);
INSERT INTO g2quote VALUES (20402, '2019-09-29', '2019-09-29', '2025-09-29', 'TVS Jupiter', 'APABC523', 2000, 20002, 2002);
INSERT INTO g2quote VALUES (20403, '2020-01-02', '2020-01-02', '2025-01-02', 'Hyundai i20', 'APKLU236', 8000, 20003, 2003);
INSERT INTO g2quote VALUES (20404, '2020-08-09', '2020-08-09', '2024-08-09', 'maruti suzuki dzire vxi', 'MNOKI201', 5000, 20004, 2004);
INSERT INTO g2quote VALUES (20405, '2019-02-09', '2019-02-09', '2029-02-09', 'KTM 390 Adventure', 'WERMN20', 6000, 20005, 2005);
INSERT INTO g2quote VALUES (20406, '2020-09-09', '2020-09-09', '2026-09-09', 'Jeep Wrangler Unlimited 2.0L GME T4 Petrol', 'PLTGV209', 10000, 20006, 2006);
INSERT INTO g2quote VALUES (20407, '2018-12-06', '2018-12-06', '2028-12-06', 'hyundai creta ex', 'KLMNJ459', 8000, 20007, 2007);
INSERT INTO g2quote VALUES (20408, '2016-05-06', '2016-05-06', '2026-05-06', 'Volvo XC60', 'APKML203', 10000, 20008, 2008);
INSERT INTO g2quote VALUES (20409, '2018-12-06', '2018-12-06', '2028-12-06', 'Land Rover Defender 2.0 L Petrol (90) SE', 'APNMO602', 11000, 20009, 2009);
INSERT INTO g2quote VALUES (20410, '2009-05-09', '2009-05-09', '2029-05-09', 'Toyota Fortuner 2.7L 4*2 MT', 'KLMKO453', 7000, 20010, 2010);
INSERT INTO g2quote VALUES (20411, '2020-02-01', '2020-02-01', '2029-02-01', 'Ford EcoSport titanium', 'ZXNMK012', 3000, 20011, 2011);
INSERT INTO g2quote VALUES (20412, '2020-05-02', '2020-05-02', '2025-05-02', 'Mercedes-AMG A-Class 35 4MATIC Hatchback', 'QXYVD002', 9000, 20012, 2012);
INSERT INTO g2quote VALUES (20413, '2020-08-06', '2020-08-06', '2020-08-06', 'Royal Enfield Classic 350', 'ASDFK260', 5000, 20013, 2013);
INSERT INTO g2quote VALUES (20414, '2018-09-06', '2018-09-06', '1900-01-08', 'BMW X3 Drive30i Luxury Line', 'PLMKO026', 10000, 20014, 2014);
INSERT INTO g2quote VALUES (20415, '2018-12-14', '2018-12-14', '2028-12-14', 'TATA Harrier xm', 'CDEIV258', 5000, 20015, 2015);
INSERT INTO g2quote VALUES (20416, '2019-11-15', '2019-11-15', '2029-11-15', 'Royal Enfield Interceptor 650', 'IMMKL569', 7000, 20016, 2016);
INSERT INTO g2quote VALUES (20417, '2019-08-06', '2019-08-06', '2024-08-06', 'Tata Altroz XE Rhytm', 'QMLCX359', 5000, 20017, 2017);
INSERT INTO g2quote VALUES (20418, '2020-02-01', '2020-02-01', '2025-02-01', 'Mahindra Thar AX OPT Petrol CT MT', 'XNUBJ265', 7000, 20018, 2018);
INSERT INTO g2quote VALUES (20419, '2020-11-26', '2020-11-26', '2027-11-26', 'Maruti Suzuki  Baleno Sigma', 'MKLJF562', 4000, 20019, 2019);
INSERT INTO g2quote VALUES (20420, '2020-06-04', '2020-06-04', '2023-06-04', 'Skoda Rapid Monte Carlo MT sedan', 'MKINR359', 9000, 20020, 2020);
INSERT INTO g2quote VALUES (20421, '2020-11-05', '2020-11-05', '2021-11-05', 'TVS Apache RTR 160 4V', 'TFUSD009', 4000, 20021, 2021);
INSERT INTO g2quote VALUES (20422, '2019-12-25', '2019-12-25', '2029-12-25', 'Jeep Compass  longitude plus', 'DBUNS560', 11000, 20022, 2022);
INSERT INTO g2quote VALUES (20423, '2020-10-11', '2020-10-11', '2025-10-11', 'Toyota Innova Crysta GX', 'MJVIJ360', 9000, 20023, 2023);
INSERT INTO g2quote VALUES (20424, '2020-10-19', '2020-10-19', '2025-10-19', 'Volkswagen T-Roc 1.5 TSI', 'LKJNX052', 5000, 20024, 2024);
INSERT INTO g2quote VALUES (20425, '2019-09-18', '2019-09-18', '2026-09-18', 'Ford Mustang V8', 'QRUVJ056', 12000, 20025, 2025);
INSERT INTO g2quote VALUES (20426, '2019-12-01', '2019-12-01', '2023-12-01', 'range rover', 'ABC148563', 252000, 20026, 2019);
INSERT INTO g2quote VALUES (20427, '2019-11-09', '2019-11-09', '2023-11-09', 'Land Rover ', 'XYZ123597', 231222, 20027, 2020);

INSERT INTO g2staff VALUES (20501, 'tushar', 'm', 'vizag', 968574896, 'm', 'SINGLE', 'INDIAN', 'B.tech', 50000, 200201, 'Life Insurance Corporation of India') ;
INSERT INTO g2staff VALUES (20502, 'devil', 'dd', 'delhi', 9859875632, 'm', '', 'INDIAN', 'MBA', 25000, 200202, 'HDFC Life Insurance Co. Ltd') ;
INSERT INTO g2staff VALUES (20503, 'nani', 's', '', 63578954, 'm', '', 'INDIAN', 'M.tech', 70000, 200203, 'Max Life Insurance Co. Ltd.') ;
INSERT INTO g2staff VALUES (20504, 'ajay', 'a', 'kolkata', 2548967455, 'M', 'MARRIED', 'INDIAN', 'BCOM', 35000, 200204, 'ICICI Prudential Life Insurance Co. Ltd') ;
INSERT INTO g2staff VALUES (20505, 'harsha', 'mp', 'agr', 9865742568, 'M', 'MARRIED', 'INDIAN', 'B.tech', 5000, 200205, 'Kotak Mahindra Life Insurance Co. Ltd.') ;
INSERT INTO g2staff VALUES (20506, 'siranch', 'sri', 'amritsar', 9874568461, 'M', 'MARRIED', 'INDIAN', 'MBA', 10000, 200206, 'Aditya Birla SunLife Insurance Co. Ltd.') ;
INSERT INTO g2staff VALUES (20507, 'devanch', 'km', 'tawang', 8526369657, 'M', 'MARRIED', 'INDIAN', 'B.tech', 45000, 200207, 'TATA AIA Life Insurance Co. Ltd.') ;
INSERT INTO g2staff VALUES (20508, 'rudranch', 'ln', 'lucknow', 8888855556, 'M', 'MARRIED', 'INDIAN', 'M.tech', 100000, 200208, 'SBI Life Insurance Co. Ltd.') ;
INSERT INTO g2staff VALUES (20509, 'kesava', 'lsr', '', 7895487587, 'M', 'DIVORSED', 'INDIAN', 'B.tech', 80000, 200209, 'Exide Life Insurance Co. Ltd.') ;
INSERT INTO g2staff VALUES (20510, 'chandu', '', 'kanchi', 9698574569, 'M', 'DIVORSED', 'INDIAN', 'BCOM', 65000, 200210, 'Bajaj Allianz Life Insurance Co. Ltd.') ;
INSERT INTO g2staff VALUES (20511, 'vardhan', '', 'agra', 7865945123, 'M', 'DIVORSED', 'INDIAN', 'MBA', 59000, 200211, 'PNB MetLife India Insurance Co. Ltd.') ;
INSERT INTO g2staff VALUES (20512, 'kishore', 'pk', '', 5478965847, 'M', 'DIVORSED', 'INDIAN', 'M.tech', 45000, 200212, 'Reliance Nippon Life Insurance Company Limited') ;
INSERT INTO g2staff VALUES (20513, 'subbu', 'lm', '', 6309501420, 'M', '', 'INDIAN', 'MBA', 89000, 200213, 'Aviva Life Insurance Company India Ltd.') ;
INSERT INTO g2staff VALUES (20514, 'srinu', 'ts', '', 6201458792, 'M', 'single', 'INDIAN', 'B.tech', 42000, 200214, 'Sahara India Life Insurance Co. Ltd.') ;
INSERT INTO g2staff VALUES (20515, 'ravi', 'aap', 'pune', 7015963201, 'M', 'SINGLE', 'INDIAN', 'BCOM', 25000, 200215, 'Life Insurance Corporation of India') ;
INSERT INTO g2staff VALUES (20516, 'kiran', 'trs', 'alampur', 8456920156, 'M', '', 'INDIAN', 'MBA', 31000, 200216, 'Bharti AXA Life Insurance Company Ltd') ;
INSERT INTO g2staff VALUES (20517, 'reka', '', 'tirupati', 7415236800, 'F', 'SINGLE', 'INDIAN', 'BCOM', 21000, 200217, 'Future Generali India Life Insurance Company Limited,') ;
INSERT INTO g2staff VALUES (20518, 'rukmini', 'srt', 'sricity', 7894565123, 'F', '', 'INDIAN', 'M.tech', 19000, 200218, 'IDBI Federal Life Insurance Company Limited') ;
INSERT INTO g2staff VALUES (20519, 'devil', 'gk', 'trichy', 8456123789, 'M', '', 'INDIAN', 'B.tech', 5000, 200219, 'Canara HSBC Oriental Bank of Commerce Life Insurance Company Limited') ;
INSERT INTO g2staff VALUES (20520, 'kalyani', '', 'munnar', 8501112369, 'F', 'MARRIED', 'INDIAN', 'BCOM', 7000, 200220, 'Aegon Life Insurance Company Limited') ;
INSERT INTO g2staff VALUES (20521, 'ariyana', 'ml', '', 4568200125, 'F', 'SINGLE', 'INDIAN', 'MBA', 26000, 200221, 'Pramerica Life Insurance Co. Ltd.') ;
INSERT INTO g2staff VALUES (20522, 'harika', '', 'araku', 9999555511, 'F', 'SINGLE', 'INDIAN', 'BCOM', 29000, 200222, 'Star Union Dai-Ichi Life Insurance Co. Ltd.') ;
INSERT INTO g2staff VALUES (20523, 'rohan', 'ys', 'agartala', 7777444555, 'M', 'SINGLE', 'INDIAN', 'B.tech', 18000, 200223, 'IndiaFirst Life Insurance Company Ltd.,') ;
INSERT INTO g2staff VALUES (20524, 'ramesh', 'km', 'vs nagar', 8456123790, 'M', 'MARRIED', 'INDIAN', 'M.tech', 86000, 200224, 'Edelweiss Tokio Life Insurance Company Limited') ;
INSERT INTO g2staff VALUES (20525, 'abhi', 's', 'lam', 2225558884, 'M', '', 'INDIAN', 'MBA', 56000, 200225, 'Adani Insurance Company') ;
INSERT INTO g2staff VALUES (20526, 'abay', 'km', '', 8451679123, 'M', '', '', '', 25000, 200226, 'green india company') ;
INSERT INTO g2staff VALUES (20527, 'raj', 'm', '', 9845673215, 'M', '', '', '', 35000, 200227, 'go india company') ;


INSERT INTO g2nok VALUES (20602, 'narendra', 'Chennai', 9586531265, 'M', 'Divorced', 20102, 20002, 2002) ;
INSERT INTO g2nok VALUES (20603, 'ram', 'Pune', 8695681589, 'M', 'Married', 20103, 20003, 2003) ;
INSERT INTO g2nok VALUES (20604, 'mohan', 'Delhi', 9478655647, 'M', 'Married', 20104, 20004, 2004) ;
INSERT INTO g2nok VALUES (20605, 'lokesh', 'Bangalore', 9564872564, 'M', 'Divorced', 20105, 20005, 2005) ;
INSERT INTO g2nok VALUES (20606, 'giri', 'Kolkatta', 7689301259, 'M', 'Single', 20106, 20006, 2006) ;
INSERT INTO g2nok VALUES (20607, 'sree', 'Delhi', 8009001001, 'M', 'Married', 20107, 20007, 2007) ;
INSERT INTO g2nok VALUES (20608, 'ankit', 'Kochi', 8989565620, 'M', 'Single', 20108, 20008, 2008) ;
INSERT INTO g2nok VALUES (20609, 'akhil', 'Chennai', 9336775001, 'M', 'Divorced', 20109, 20009, 2009) ;
INSERT INTO g2nok VALUES (20610, 'soheal', 'Pune', 9845682352, 'M', 'Single', 20110, 20010, 2010) ;
INSERT INTO g2nok VALUES (20611, 'aryana', 'Kochi', 8694582001, 'F', 'Married', 20111, 20011, 2011) ;
INSERT INTO g2nok VALUES (20612, 'harika', 'Bangalore', 8445889665, 'F', 'Married', 20112, 20012, 2012) ;
INSERT INTO g2nok VALUES (20613, 'lasya', 'Kolkatta', 8954572001, 'F', 'Single', 20113, 20013, 2013) ;
INSERT INTO g2nok VALUES (20614, 'deepa', 'Hyderabad', 9775442331, 'F', 'Single', 20114, 20014, 2014) ;
INSERT INTO g2nok VALUES (20615, 'navya', 'Delhi', 7669445201, 'F', 'Married', 20115, 20015, 2015) ;
INSERT INTO g2nok VALUES (20616, 'kavya', 'Kolkatta', 9446112001, 'F', 'Married', 20116, 20016, 2016) ;
INSERT INTO g2nok VALUES (20617, 'sriya', 'Chennai', 7665882006, 'F', 'Divorced', 20117, 20017, 2017) ;
INSERT INTO g2nok VALUES (20618, 'raju', 'Kochi', 7668991002, 'M', 'Married', 20118, 20018, 2018) ;
INSERT INTO g2nok VALUES (20619, 'shekar', 'Chennai', 7334332001, 'M', 'Single', 20119, 20019, 2019) ;
INSERT INTO g2nok VALUES (20620, 'babu', 'Kochi', 9117332007, 'M', 'Married', 20120, 20020, 2020) ;
INSERT INTO g2nok VALUES (20621, 'jony', 'Delhi', 9556445001, 'M', 'Divorced', 20121, 20021, 2021) ;
INSERT INTO g2nok VALUES (20622, 'laya', 'Hyderabad', 9775113001, 'M', 'Single', 20122, 20022, 2022) ;
INSERT INTO g2nok VALUES (20623, 'ramu', 'Pune', 8894555001, 'M', 'Divorced', 20123, 20023, 2023) ;
INSERT INTO g2nok VALUES (20624, 'charan', 'Kolkatta', 7794556112, 'M', 'Married', 20124, 20024, 2024) ;
INSERT INTO g2nok VALUES (20625, 'venky', 'Kochi', 9944552001, 'M', 'Divorced', 20125, 20025, 2025) ;
INSERT INTO g2nok VALUES (20626, 'ramesh', 'vizag', 7894561237, 'M', '', 20126, 20026, 2019) ;
INSERT INTO g2nok VALUES (20627, 'deepak', 'amaravathi', 9878654512, 'M', '', 20127, 20027, 2020) ;

INSERT INTO g2product VALUES (500000, '2 wheler', 'rr23', 'Life Insurance Corporation of India') ;
INSERT INTO g2product VALUES (1000000, '4wheeler', 'ts147', 'HDFC Life Insurance Co. Ltd') ;
INSERT INTO g2product VALUES (5000000, '6 seater', 'ko2222', 'Max Life Insurance Co. Ltd.') ;
INSERT INTO g2product VALUES (6000000, '4 seater', 'ij3698', 'ICICI Prudential Life Insurance Co. Ltd') ;
INSERT INTO g2product VALUES (7000000, '2 seater', 'uj5236', 'Kotak Mahindra Life Insurance Co. Ltd.') ;
INSERT INTO g2product VALUES (580000, '7 seater', 'rf5522', 'Aditya Birla SunLife Insurance Co. Ltd.') ;
INSERT INTO g2product VALUES (6500000, 'van', 'ed2589', 'TATA AIA Life Insurance Co. Ltd.') ;
INSERT INTO g2product VALUES (7500000, 'car', 'ws2010', 'SBI Life Insurance Co. Ltd.') ;
INSERT INTO g2product VALUES (3200000, 'car', 'tg02547', 'Exide Life Insurance Co. Ltd.') ;
INSERT INTO g2product VALUES (900000, 'jeep', 'th1025', 'Bajaj Allianz Life Insurance Co. Ltd.') ;
INSERT INTO g2product VALUES (1000000, 'car', 'rg2546', 'PNB MetLife India Insurance Co. Ltd.') ;
INSERT INTO g2product VALUES (520000, 'car', 'ws2648', 'Reliance Nippon Life Insurance Company Limited') ;
INSERT INTO g2product VALUES (3200000, 'car', 'qz3468', 'Aviva Life Insurance Company India Ltd.') ;
INSERT INTO g2product VALUES (52000, 'van', 'kj4029', 'Sahara India Life Insurance Co. Ltd.') ;
INSERT INTO g2product VALUES (8500000, '3 wheeler', 'ym0539', 'Life Insurance Corporation of India') ;
INSERT INTO g2product VALUES (400000, '2 wheeler', 'ki1906', 'Bharti AXA Life Insurance Company Ltd') ;
INSERT INTO g2product VALUES (200000, '4 wheeler', 'kl1256', 'Future Generali India Life Insurance Company Limited,') ;
INSERT INTO g2product VALUES (6500000, '8 wheeler', 'sd10259', 'IDBI Federal Life Insurance Company Limited') ;
INSERT INTO g2product VALUES (4500000, '2 seater', 'tg20169', 'Canara HSBC Oriental Bank of Commerce Life Insurance Company Limited') ;
INSERT INTO g2product VALUES (8500000, '4 seater', 'ts02563', 'Aegon Life Insurance Company Limited') ;
INSERT INTO g2product VALUES (6300000, '8 seater', 'qw2648', 'Pramerica Life Insurance Co. Ltd.') ;
INSERT INTO g2product VALUES (2100000, 'car', 'yj3202', 'Star Union Dai-Ichi Life Insurance Co. Ltd.') ;
INSERT INTO g2product VALUES (20000, 'car', 'ok2530', 'IndiaFirst Life Insurance Company Ltd.,') ;
INSERT INTO g2product VALUES (300000, 'van', 'xy6932', 'Edelweiss Tokio Life Insurance Company Limited') ;
INSERT INTO g2product VALUES (500000, 'car', 'bp2503', 'Adani Insurance Company') ;
INSERT INTO g2product VALUES (7500000, 'car', 'ap151', 'green india company') ;
INSERT INTO g2product VALUES (9000000, 'car', 'ts81', 'go india company') ;

INSERT INTO g2office VALUES ('lrb', 'surya', 1231231234, 'hyd', 20000, 'Claims Department', 2301, 'Life Insurance Corporation of India') ;
INSERT INTO g2office VALUES ('slrb', 'kiran', 45623654, 'gnt', 60000, 'Investment Department', 2302, 'HDFC Life Insurance Co. Ltd') ;
INSERT INTO g2office VALUES ('kvb', 'kalyani', 258963147, 'srt', 30000, 'Claims Department', 2303, 'Max Life Insurance Co. Ltd.') ;
INSERT INTO g2office VALUES ('cmr', 'yash', 23232323, 'nrt', 12000, 'Legal Department', 2304, 'ICICI Prudential Life Insurance Co. Ltd') ;
INSERT INTO g2office VALUES ('sis', 'agarwal', 1231231230, 'cpt', 32000, 'Legal Department', 2305, 'Kotak Mahindra Life Insurance Co. Ltd.') ;
INSERT INTO g2office VALUES ('cpm', 'ariyana', 1231231234, 'tpt', 52000, 'Claims and audit loss Department', 2306, 'Aditya Birla SunLife Insurance Co. Ltd.') ;
INSERT INTO g2office VALUES ('python', 'lasya', 4564564561, 'ttd', 63000, 'Legal Department', 2307, 'TATA AIA Life Insurance Co. Ltd.') ;
INSERT INTO g2office VALUES ('cpp', 'soheal', 7894564569, 'viz', 520, 'Underwriting Department', 2308, 'SBI Life Insurance Co. Ltd.') ;
INSERT INTO g2office VALUES ('c', 'geeta', 1234569632, 'nlr', 41000, 'Reinsurance Department', 2309, 'Exide Life Insurance Co. Ltd.') ;
INSERT INTO g2office VALUES ('html', 'rahul', 147852147, 'mum', 520, 'Claims and audit Department', 2310, 'Bajaj Allianz Life Insurance Co. Ltd.') ;
INSERT INTO g2office VALUES ('ads', 'koushik', 2536987410, 'mad', 650, 'Claims Department', 2311, 'PNB MetLife India Insurance Co. Ltd.') ;
INSERT INTO g2office VALUES ('jkl', 'balaji', 8523696325, 'bgl', 720, 'Claims and audit loss Department', 2312, 'Reliance Nippon Life Insurance Company Limited') ;
INSERT INTO g2office VALUES ('fgh', 'siva', 1258963456, 'ubl', 45000, 'Legal Department', 2313, 'Aviva Life Insurance Company India Ltd.') ;
INSERT INTO g2office VALUES ('qwe', 'divya', 963528741, 'hst', 65000, 'Claims and audit Department', 2314, 'Sahara India Life Insurance Co. Ltd.') ;
INSERT INTO g2office VALUES ('rtc', 'divyana', 258963258, 'klm', 9000, 'Audit Department', 2315, 'Life Insurance Corporation of India') ;
INSERT INTO g2office VALUES ('aps', 'karthi', 4567898529, 'gnm', 8000, 'Claims and audit profit Department', 2316, 'Bharti AXA Life Insurance Company Ltd') ;
INSERT INTO g2office VALUES ('xyz', 'varun', 654293871, 'dwd', 75000, 'Accounting Department', 2317, 'Future Generali India Life Insurance Company Limited,') ;
INSERT INTO g2office VALUES ('pqr', 'karthik', 7596846325, 'asd', 52000, 'Audit Department', 2318, 'IDBI Federal Life Insurance Company Limited') ;
INSERT INTO g2office VALUES ('stu', 'kalyan', 9568632147, 'rfv', 98000, 'Underwriting Department', 2319, 'Canara HSBC Oriental Bank of Commerce Life Insurance Company Limited') ;
INSERT INTO g2office VALUES ('yxz', 'ritesh', 9573159412, 'tg', 74000, 'Actuarial and Statistical Department', 2320, 'Aegon Life Insurance Company Limited') ;
INSERT INTO g2office VALUES ('trs', 'rakesh', 9912417302, 'yhn', 5500, 'Underwriting Department', 2321, 'Pramerica Life Insurance Co. Ltd.') ;
INSERT INTO g2office VALUES ('tdp', 'rajesh', 7093810169, 'ujm', 5645, 'Marketing Department', 2322, 'Star Union Dai-Ichi Life Insurance Co. Ltd.') ;
INSERT INTO g2office VALUES ('rpc', 'ramesh', 9381963417, 'ikl', 5200, 'Claims and audit profit Department', 2323, 'IndiaFirst Life Insurance Company Ltd.,') ;
INSERT INTO g2office VALUES ('klm', 'mahesh', 9030219437, 'poi', 1200, 'Agency Department', 2324, 'Edelweiss Tokio Life Insurance Company Limited') ;
INSERT INTO g2office VALUES ('otp', 'naresh', 9381658822, 'war', 23000, 'Legal Department', 2325, 'Adani Insurance Company') ;
INSERT INTO g2office VALUES ('ott', 'karthi', 6364367200, 'nlr', 6230, 'claim department', 2326, 'green india company') ;
INSERT INTO g2office VALUES ('ocd', 'ravi', 6364367201, 'tpt', 7560, 'claim department', 2327, 'go india company') ;

INSERT INTO g2coverage VALUES (20701, 2000, 'accident', 'Medium', 'a1', '5yr', 'Life Insurance Corporation of India') ;
INSERT INTO g2coverage VALUES (20702, 3000, 'accident', 'High', 'a2', '5mom', 'HDFC Life Insurance Co. Ltd') ;
INSERT INTO g2coverage VALUES (20703, 5500, 'fire', 'LOW', 'a3', '6mpn', 'Max Life Insurance Co. Ltd.') ;
INSERT INTO g2coverage VALUES (20704, 60000, 'liability', 'Poor', 'a4', '1yr', 'ICICI Prudential Life Insurance Co. Ltd') ;
INSERT INTO g2coverage VALUES (20705, 52000, 'injury', 'Poor', 'a5', '6yr', 'Kotak Mahindra Life Insurance Co. Ltd.') ;
INSERT INTO g2coverage VALUES (20706, 41000, 'injury', 'Poor', 'a6', '5yr', 'Aditya Birla SunLife Insurance Co. Ltd.') ;
INSERT INTO g2coverage VALUES (20707, 85000, 'injury', 'Poor', 'a7', '10yr', 'TATA AIA Life Insurance Co. Ltd.') ;
INSERT INTO g2coverage VALUES (20708, 98000, 'fire', 'Medium', 'a8', '12yr', 'SBI Life Insurance Co. Ltd.') ;
INSERT INTO g2coverage VALUES (20709, 78000, 'fire', 'Medium', 'a9', '5yr', 'Exide Life Insurance Co. Ltd.') ;
INSERT INTO g2coverage VALUES (20710, 56000, 'fire', 'Medium', 'a0', '6mon', 'Bajaj Allianz Life Insurance Co. Ltd.') ;
INSERT INTO g2coverage VALUES (20711, 41000, 'accident', 'High', 's1', '9mon', 'PNB MetLife India Insurance Co. Ltd.') ;
INSERT INTO g2coverage VALUES (20712, 89000, 'accident', 'Medium', 's2', '10yr', 'Reliance Nippon Life Insurance Company Limited') ;
INSERT INTO g2coverage VALUES (20713, 65000, 'fire', 'High', 's3', '5yr', 'Aviva Life Insurance Company India Ltd.') ;
INSERT INTO g2coverage VALUES (20714, 78000, 'fire', 'High', 's4', '6yr', 'Sahara India Life Insurance Co. Ltd.') ;
INSERT INTO g2coverage VALUES (20715, 95000, 'liability', 'Medium', 's5', '2mon', 'Life Insurance Corporation of India') ;
INSERT INTO g2coverage VALUES (20716, 68000, 'injury', 'Medium', 's6', '2yr', 'Bharti AXA Life Insurance Company Ltd') ;
INSERT INTO g2coverage VALUES (20717, 35000, 'injury', 'LOW', 's7', '5yr', 'Future Generali India Life Insurance Company Limited,') ;
INSERT INTO g2coverage VALUES (20718, 75000, 'fire', 'LOW', 's8', '6mon', 'IDBI Federal Life Insurance Company Limited') ;
INSERT INTO g2coverage VALUES (20719, 8000, 'injury', 'Poor', 's9', '3yr', 'Canara HSBC Oriental Bank of Commerce Life Insurance Company Limited') ;
INSERT INTO g2coverage VALUES (20720, 63000, 'liability', 'Poor', 'd1', '1yr', 'Aegon Life Insurance Company Limited') ;
INSERT INTO g2coverage VALUES (20721, 52000, 'fire', 'LOW', 'd2', '2yr', 'Pramerica Life Insurance Co. Ltd.') ;
INSERT INTO g2coverage VALUES (20722, 45000, 'fire', 'High', 'd3', '3yr', 'Star Union Dai-Ichi Life Insurance Co. Ltd.') ;
INSERT INTO g2coverage VALUES (20723, 85000, 'Collision', 'High', 'd4', '5yr', 'IndiaFirst Life Insurance Company Ltd.,') ;
INSERT INTO g2coverage VALUES (20724, 65000, 'Collision', 'Medium', 'd5', '10yr', 'Edelweiss Tokio Life Insurance Company Limited') ;
INSERT INTO g2coverage VALUES (20725, 45000, 'fire', 'Medium', 'd6', '5mon', 'Adani Insurance Company') ;
INSERT INTO g2coverage VALUES (20726, 500000, 'accident', 'High', 's10', '3yrs', 'green india company') ;
INSERT INTO g2coverage VALUES (20727, 100000, 'accident', 'Medium', 's11', '4yrs', 'go india company') ;

INSERT INTO g2insurance_policy_coverage VALUES (20101, 20001, 2001, 20701, 'Life Insurance Corporation of India') ;
INSERT INTO g2insurance_policy_coverage VALUES (20102, 20002, 2002, 20702, 'HDFC Life Insurance Co. Ltd') ;
INSERT INTO g2insurance_policy_coverage VALUES (20103, 20003, 2003, 20703, 'Max Life Insurance Co. Ltd.') ;
INSERT INTO g2insurance_policy_coverage VALUES (20104, 20004, 2004, 20704, 'ICICI Prudential Life Insurance Co. Ltd') ;
INSERT INTO g2insurance_policy_coverage VALUES (20105, 20005, 2005, 20705, 'Kotak Mahindra Life Insurance Co. Ltd.') ;
INSERT INTO g2insurance_policy_coverage VALUES (20106, 20006, 2006, 20706, 'Aditya Birla SunLife Insurance Co. Ltd.') ;
INSERT INTO g2insurance_policy_coverage VALUES (20107, 20007, 2007, 20707, 'TATA AIA Life Insurance Co. Ltd.') ;
INSERT INTO g2insurance_policy_coverage VALUES (20108, 20008, 2008, 20708, 'SBI Life Insurance Co. Ltd.') ;
INSERT INTO g2insurance_policy_coverage VALUES (20109, 20009, 2009, 20709, 'Exide Life Insurance Co. Ltd.') ;
INSERT INTO g2insurance_policy_coverage VALUES (20110, 20010, 2010, 20710, 'Bajaj Allianz Life Insurance Co. Ltd.') ;
INSERT INTO g2insurance_policy_coverage VALUES (20111, 20011, 2011, 20711, 'PNB MetLife India Insurance Co. Ltd.') ;
INSERT INTO g2insurance_policy_coverage VALUES (20112, 20012, 2012, 20712, 'Reliance Nippon Life Insurance Company Limited') ;
INSERT INTO g2insurance_policy_coverage VALUES (20113, 20013, 2013, 20713, 'Aviva Life Insurance Company India Ltd.') ;
INSERT INTO g2insurance_policy_coverage VALUES (20114, 20014, 2014, 20714, 'Sahara India Life Insurance Co. Ltd.') ;
INSERT INTO g2insurance_policy_coverage VALUES (20115, 20015, 2015, 20715, 'Life Insurance Corporation of India') ;
INSERT INTO g2insurance_policy_coverage VALUES (20116, 20016, 2016, 20716, 'Bharti AXA Life Insurance Company Ltd') ;
INSERT INTO g2insurance_policy_coverage VALUES (20117, 20017, 2017, 20717, 'Future Generali India Life Insurance Company Limited,') ;
INSERT INTO g2insurance_policy_coverage VALUES (20118, 20018, 2018, 20718, 'IDBI Federal Life Insurance Company Limited') ;
INSERT INTO g2insurance_policy_coverage VALUES (20119, 20019, 2019, 20719, 'Canara HSBC Oriental Bank of Commerce Life Insurance Company Limited') ;
INSERT INTO g2insurance_policy_coverage VALUES (20120, 20020, 2020, 20720, 'Aegon Life Insurance Company Limited') ;
INSERT INTO g2insurance_policy_coverage VALUES (20121, 20021, 2021, 20721, 'Pramerica Life Insurance Co. Ltd.') ;
INSERT INTO g2insurance_policy_coverage VALUES (20122, 20022, 2022, 20722, 'Star Union Dai-Ichi Life Insurance Co. Ltd.') ;
INSERT INTO g2insurance_policy_coverage VALUES (20123, 20023, 2023, 20723, 'IndiaFirst Life Insurance Company Ltd.,') ;
INSERT INTO g2insurance_policy_coverage VALUES (20124, 20024, 2024, 20724, 'Edelweiss Tokio Life Insurance Company Limited') ;
INSERT INTO g2insurance_policy_coverage VALUES (20125, 20025, 2025, 20725, 'Adani Insurance Company') ;
INSERT INTO g2insurance_policy_coverage VALUES (20126, 20026, 2019, 20726, 'green india company') ;
INSERT INTO g2insurance_policy_coverage VALUES (20127, 20027, 2020, 20727, 'go india company') ;

INSERT INTO g2claim VALUES (20801, 20101, 50000, 2101, 'Accident', '2020-12-09', 'Approved', 2003) ;
INSERT INTO g2claim VALUES (20802, 20102, 25000, 2102, 'Falling tree', '2020-12-15', 'pending', 2008) ;
INSERT INTO g2claim VALUES (20803, 20103, 15000, 2103, 'Animal collision', '2020-10-20', 'Rejected', 2005) ;
INSERT INTO g2claim VALUES (20804, 20104, 30000, 2104, 'Accident', '2020-09-16', 'pending', 2017) ;
INSERT INTO g2claim VALUES (20805, 20105, 45000, 2105, 'Vandalism', '2020-12-11', 'Approved', 2018) ;
INSERT INTO g2claim VALUES (20806, 20106, 15000, 2106, 'Accident', '2020-12-11', 'Rejected', 2021) ;
INSERT INTO g2claim VALUES (20807, 20107, 60000, 2107, 'Animal collision', '2020-08-25', 'pending', 2003) ;
INSERT INTO g2claim VALUES (20808, 20108, 23000, 2108, 'Falling tree', '2020-07-06', 'Approved', 2015) ;
INSERT INTO g2claim VALUES (20809, 20109, 16000, 2109, 'Accident', '2020-11-16', 'Rejected', 2018) ;
INSERT INTO g2claim VALUES (20810, 20110, 45000, 2110, 'Animal collision', '2020-07-30', 'pending', 2001) ;
INSERT INTO g2claim VALUES (20811, 20111, 10000, 2111, 'Vandalism', '2020-06-29', 'Rejected', 2009) ;
INSERT INTO g2claim VALUES (20812, 20112, 18000, 2112, 'Animal collision', '2020-12-19', 'Approved', 2023) ;
INSERT INTO g2claim VALUES (20813, 20113, 45000, 2113, 'Accident', '2020-04-27', 'Rejected', 2025) ;
INSERT INTO g2claim VALUES (20814, 20114, 26000, 2114, 'Animal collision', '2020-10-26', 'pending', 2013) ;
INSERT INTO g2claim VALUES (20815, 20115, 19000, 2115, 'Falling tree', '2020-06-17', 'Rejected', 2008) ;
INSERT INTO g2claim VALUES (20816, 20116, 49000, 2116, 'Accident', '2020-01-05', 'Rejected', 2003) ;
INSERT INTO g2claim VALUES (20817, 20117, 20000, 2117, 'Animal collision', '2020-09-20', 'Rejected', 2015) ;
INSERT INTO g2claim VALUES (20818, 20118, 60000, 2118, 'Vandalism', '2020-07-16', 'Approved', 2023) ;
INSERT INTO g2claim VALUES (20819, 20119, 14000, 2119, 'Accident', '2020-11-16', 'Rejected', 2008) ;
INSERT INTO g2claim VALUES (20820, 20120, 27000, 2120, 'Falling tree', '2020-02-29', 'Approved', 2025) ;
INSERT INTO g2claim VALUES (20821, 20121, 23000, 2121, 'Animal collision', '2020-04-29', 'pending', 2017) ;
INSERT INTO g2claim VALUES (20822, 20122, 28000, 2122, 'Accident', '2020-07-29', 'Rejected', 2009) ;
INSERT INTO g2claim VALUES (20823, 20123, 60000, 2123, 'Falling tree', '2020-07-29', 'pending', 2005) ;
INSERT INTO g2claim VALUES (20824, 20124, 26000, 2124, 'Vandalism', '2020-09-01', 'Approved', 2021) ;
INSERT INTO g2claim VALUES (20825, 20125, 19000, 2125, 'Accident', '2020-06-17', 'Approved', 2011) ;
INSERT INTO g2claim VALUES (20826, 20126, 20000, 2126, 'Accident', '2020-12-23', 'Approved', 2019) ;
INSERT INTO g2claim VALUES (20827, 20127, 50000, 2127, 'Accident', '2020-11-23', 'pending', 2020) ;

INSERT INTO g2claim_settlement VALUES (20901, 2403, '2020-07-15', 40000, 20701, 20801, 2003) ;
INSERT INTO g2claim_settlement VALUES (20902, 2405, '2021-09-25', 15000, 20702, 20803, 2005) ;
INSERT INTO g2claim_settlement VALUES (20903, 2418, '2019-01-12', 45000, 20703, 20805, 2018) ;
INSERT INTO g2claim_settlement VALUES (20904, 2421, '2024-08-30', 10000, 20704, 20806, 2021) ;
INSERT INTO g2claim_settlement VALUES (20905, 2415, '2022-10-30', 23000, 20705, 20808, 2015) ;
INSERT INTO g2claim_settlement VALUES (20906, 2418, '2018-09-30', 16000, 20706, 20809, 2018) ;
INSERT INTO g2claim_settlement VALUES (20907, 2409, '2024-07-30', 10000, 20707, 20811, 2009) ;
INSERT INTO g2claim_settlement VALUES (20908, 2423, '2024-02-04', 15000, 20708, 20812, 2023) ;
INSERT INTO g2claim_settlement VALUES (20909, 2425, '2026-06-08', 30000, 20709, 20813, 2025) ;
INSERT INTO g2claim_settlement VALUES (20910, 2408, '2015-09-08', 19000, 20710, 20815, 2008) ;
INSERT INTO g2claim_settlement VALUES (20911, 2403, '2020-03-25', 49000, 20711, 20816, 2003) ;
INSERT INTO g2claim_settlement VALUES (20912, 2415, '2023-08-30', 20000, 20712, 20817, 2015) ;
INSERT INTO g2claim_settlement VALUES (20913, 2423, '2023-09-30', 50000, 20713, 20818, 2023) ;
INSERT INTO g2claim_settlement VALUES (20914, 2408, '2021-09-15', 14000, 20714, 20819, 2008) ;
INSERT INTO g2claim_settlement VALUES (20915, 2425, '2023-04-05', 27000, 20715, 20820, 2025) ;
INSERT INTO g2claim_settlement VALUES (20916, 2409, '2016-08-25', 20000, 20716, 20822, 2009) ;
INSERT INTO g2claim_settlement VALUES (20917, 2421, '2023-12-30', 26000, 20717, 20824, 2021) ;
INSERT INTO g2claim_settlement VALUES (20918, 2411, '2021-09-30', 19000, 20718, 20825, 2011) ;
INSERT INTO g2claim_settlement VALUES (20919, 2426, '2020-12-23', 20000, 20726, 20826, 2019) ;
